{
  "packages": [
    {
      "name": "esp32",
      "maintainer": "Espressif Systems",
      "websiteURL": "https://github.com/espressif/arduino-esp32",
      "email": "hristo@espressif.com",
      "help": {
        "online": "http://esp32.com"
      },
      "platforms": [
        {
          "name": "esp32",
          "architecture": "esp32",
          "version": "1.0.6",
          "category": "ESP32",
          "url": "https://github.com/espressif/arduino-esp32/releases/download/1.0.6/esp32-1.0.6.zip",
          "archiveFileName": "esp32-1.0.6.zip",
          "checksum": "SHA-256:982da9aaa181b6cb9c692dd4c9622b022ecc0d1e3aa0c5b70428ccc3c1b4556b",
          "size": "51126662",
          "help": {
            "online": ""
          },
          "boards": [
            {
              "name": "ESP32 Dev Module"
            },
            {
              "name": "WEMOS LoLin32"
            },
            {
              "name": "WEMOS D1 MINI ESP32"
            }
          ],
          "toolsDependencies": [
            {
              "packager": "esp32",
              "name": "xtensa-esp32-elf-gcc",
              "version": "1.22.0-97-gc752ad5-5.2.0"
            },
            {
              "packager": "esp32",
              "name": "esptool_py",
              "version": "3.0.0"
            },
            {
              "packager": "esp32",
              "name": "mkspiffs",
              "version": "0.2.3"
            }
          ]
        },
        {
          "name": "esp32",
          "architecture": "esp32",
          "version": "1.0.5",
          "category": "ESP32",
          "url": "https://github.com/espressif/arduino-esp32/releases/download/1.0.5/esp32-1.0.5.zip",
          "archiveFileName": "esp32-1.0.5.zip",
          "checksum": "SHA-256:dc5c6c72a127b3171c654f3c3476911d3c2b0ab21affdb7b0f0756c105ca71a7",
          "size": "49552769",
          "help": {
            "online": ""
          },
          "boards": [
            {
              "name": "ESP32 Dev Module"
            },
            {
              "name": "WEMOS LoLin32"
            },
            {
              "name": "WEMOS D1 MINI ESP32"
            }
          ],
          "toolsDependencies": [
            {
              "packager": "esp32",
              "name": "xtensa-esp32-elf-gcc",
              "version": "1.22.0-97-gc752ad5-5.2.0"
            },
            {
              "packager": "esp32",
              "name": "esptool_py",
              "version": "3.0.0"
            },
            {
              "packager": "esp32",
              "name": "mkspiffs",
              "version": "0.2.3"
            }
          ]
        },
        {
          "category": "ESP32",
          "name": "esp32",
          "url": "https://github.com/espressif/arduino-esp32/releases/download/1.0.4/esp32-1.0.4.zip",
          "checksum": "SHA-256:d9108bf873933c4e48a3ca401fb51e41b2cc3f98d7c9b9be9881e7ca34bf0efe",
          "help": {
            "online": ""
          },
          "version": "1.0.4",
          "architecture": "esp32",
          "archiveFileName": "esp32-1.0.4.zip",
          "boards": [
            {
              "name": "ESP32 Dev Module"
            },
            {
              "name": "WEMOS LoLin32"
            },
            {
              "name": "WEMOS D1 MINI ESP32"
            }
          ],
          "toolsDependencies": [
            {
              "packager": "esp32",
              "version": "1.22.0-80-g6c4433a-5.2.0",
              "name": "xtensa-esp32-elf-gcc"
            },
            {
              "packager": "esp32",
              "version": "2.6.1",
              "name": "esptool_py"
            },
            {
              "packager": "esp32",
              "version": "0.2.3",
              "name": "mkspiffs"
            }
          ],
          "size": "36853332"
        },
        {
          "category": "ESP32",
          "name": "esp32",
          "url": "https://github.com/espressif/arduino-esp32/releases/download/1.0.3/esp32-1.0.3.zip",
          "checksum": "SHA-256:19a30ece8a3ab26ab420c3d5531a9a1c51cb04e421a4f1d86dc072c209060436",
          "help": {
            "online": ""
          },
          "version": "1.0.3",
          "architecture": "esp32",
          "archiveFileName": "esp32-1.0.3.zip",
          "boards": [
            {
              "name": "ESP32 Dev Module"
            },
            {
              "name": "WEMOS LoLin32"
            },
            {
              "name": "WEMOS D1 MINI ESP32"
            }
          ],
          "toolsDependencies": [
            {
              "packager": "esp32",
              "version": "1.22.0-80-g6c4433a-5.2.0",
              "name": "xtensa-esp32-elf-gcc"
            },
            {
              "packager": "esp32",
              "version": "2.6.1",
              "name": "esptool_py"
            },
            {
              "packager": "esp32",
              "version": "0.2.3",
              "name": "mkspiffs"
            }
          ],
          "size": "36811826"
        },
        {
          "category": "ESP32",
          "help": {
            "online": ""
          },
          "url": "https://github.com/espressif/arduino-esp32/releases/download/1.0.2/esp32-1.0.2.zip",
          "checksum": "SHA-256:c3a5a5050705d41ab205d25a7399e921057b754ef8f883419f58c0c7f08df11c",
          "version": "1.0.2",
          "architecture": "esp32",
          "archiveFileName": "esp32-1.0.2.zip",
          "boards": [
            {
              "name": "ESP32 Dev Module"
            },
            {
              "name": "WEMOS LoLin32"
            }
          ],
          "size": "31174160",
          "toolsDependencies": [
            {
              "packager": "esp32",
              "version": "1.22.0-80-g6c4433a-5.2.0",
              "name": "xtensa-esp32-elf-gcc"
            },
            {
              "packager": "esp32",
              "version": "2.6.1",
              "name": "esptool_py"
            },
            {
              "packager": "esp32",
              "version": "0.2.3",
              "name": "mkspiffs"
            }
          ],
          "name": "esp32"
        },
        {
          "category": "ESP32",
          "help": {
            "online": ""
          },
          "url": "https://github.com/espressif/arduino-esp32/releases/download/1.0.1/esp32-1.0.1.zip",
          "checksum": "SHA-256:1a7fa2f9bb0b6b5a20dfea227497f4851dc8b886caf7ecb998f745589c97ed34",
          "name": "esp32",
          "version": "1.0.1",
          "architecture": "esp32",
          "archiveFileName": "esp32-1.0.1.zip",
          "size": "31273425",
          "toolsDependencies": [
            {
              "packager": "esp32",
              "version": "1.22.0-80-g6c4433a-5.2.0",
              "name": "xtensa-esp32-elf-gcc"
            },
            {
              "packager": "esp32",
              "version": "2.6.0",
              "name": "esptool_py"
            },
            {
              "packager": "esp32",
              "version": "0.2.3",
              "name": "mkspiffs"
            }
          ],
          "boards": [
            {
              "name": "ESP32 Dev Module"
            },
            {
              "name": "WEMOS LoLin32"
            }
          ]
        },
        {
          "category": "ESP32",
          "help": {
            "online": ""
          },
          "url": "https://github.com/espressif/arduino-esp32/releases/download/1.0.0/esp32-1.0.0.zip",
          "checksum": "SHA-256:94d586174f103e2014be590ab307c5cdda6fa2ec70204c7f121882ace5e05c80",
          "name": "esp32",
          "version": "1.0.0",
          "architecture": "esp32",
          "archiveFileName": "esp32-1.0.0.zip",
          "size": "26381887",
          "toolsDependencies": [
            {
              "packager": "esp32",
              "version": "1.22.0-80-g6c4433a-5.2.0",
              "name": "xtensa-esp32-elf-gcc"
            },
            {
              "packager": "esp32",
              "version": "2.3.1",
              "name": "esptool"
            },
            {
              "packager": "esp32",
              "version": "0.2.3",
              "name": "mkspiffs"
            }
          ],
          "boards": [
            {
              "name": "ESP32 Dev Module"
            },
            {
              "name": "WEMOS LoLin32"
            }
          ]
        }
      ],
      "tools": [
        {
          "name": "xtensa-esp32-elf-gcc",
          "version": "1.22.0-97-gc752ad5-5.2.0",
          "systems": [
            {
              "host": "i686-mingw32",
              "url": "https://github.com/espressif/arduino-esp32/releases/download/1.0.5-rc5/xtensa-esp32-elf-win32-1.22.0-97-gc752ad5-5.2.0.zip",
              "archiveFileName": "xtensa-esp32-elf-win32-1.22.0-97-gc752ad5-5.2.0.zip",
              "checksum": "SHA-256:80571e5d5a63494f4fa758bb9d8fb882ba4059853a8c412a84d232dc1c1400e6",
              "size": "125747216"
            },
            {
              "host": "x86_64-apple-darwin",
              "url": "https://github.com/espressif/arduino-esp32/releases/download/1.0.5-rc5/xtensa-esp32-elf-macos-1.22.0-97-gc752ad5-5.2.0.tar.gz",
              "archiveFileName": "xtensa-esp32-elf-macos-1.22.0-97-gc752ad5-5.2.0.tar.gz",
              "checksum": "SHA-256:b1ce39a563ae359cf363fb7d8ee80cb1e5226fda83188203cff60f16f55e33ef",
              "size": "50525386"
            },
            {
              "host": "x86_64-pc-linux-gnu",
              "url": "https://github.com/espressif/arduino-esp32/releases/download/1.0.5-rc5/xtensa-esp32-elf-linux64-1.22.0-97-gc752ad5-5.2.0.tar.gz",
              "archiveFileName": "xtensa-esp32-elf-linux64-1.22.0-97-gc752ad5-5.2.0.tar.gz",
              "checksum": "SHA-256:96f5f6e7611a0ed1dc47048c54c3113fc5cebffbf0ba90d8bfcd497afc7ef9f3",
              "size": "44225380"
            },
            {
              "host": "i686-pc-linux-gnu",
              "url": "https://github.com/espressif/arduino-esp32/releases/download/1.0.5-rc5/xtensa-esp32-elf-linux32-1.22.0-97-gc752ad5-5.2.0.tar.gz",
              "archiveFileName": "xtensa-esp32-elf-linux32-1.22.0-97-gc752ad5-5.2.0.tar.gz",
              "checksum": "SHA-256:8094a2c30b474e99ce64dd0ba8f310c4614eb3b3cac884a3aea0fd5f565af119",
              "size": "45575521"
            },
            {
              "host": "arm-linux-gnueabihf",
              "url": "https://github.com/espressif/arduino-esp32/releases/download/1.0.5-rc5/xtensa-esp32-elf-linux-armel-1.22.0-97-gc752ad5-5.2.0.tar.gz",
              "archiveFileName": "xtensa-esp32-elf-linux-armel-1.22.0-97-gc752ad5-5.2.0.tar.gz",
              "checksum": "SHA-256:d70d550f88448fa476b29fa50ef5502ab497a16ac7fa9ca24c6d0a39bb1e681e",
              "size": "50657803"
            },
            {
              "host": "aarch64-linux-gnu",
              "url": "https://github.com/espressif/arduino-esp32/releases/download/1.0.5-rc5/xtensa-esp32-elf-linux-armel-1.22.0-97-gc752ad5-5.2.0.tar.gz",
              "archiveFileName": "xtensa-esp32-elf-linux-armel-1.22.0-97-gc752ad5-5.2.0.tar.gz",
              "checksum": "SHA-256:d70d550f88448fa476b29fa50ef5502ab497a16ac7fa9ca24c6d0a39bb1e681e",
              "size": "50657803"
            }
          ]
        },
        {
          "version": "1.22.0-80-g6c4433a-5.2.0",
          "name": "xtensa-esp32-elf-gcc",
          "systems": [
            {
              "url": "https://dl.espressif.com/dl/xtensa-esp32-elf-win32-1.22.0-80-g6c4433a-5.2.0.zip",
              "checksum": "SHA-256:f217fccbeaaa8c92db239036e0d6202458de4488b954a3a38f35ac2ec48058a4",
              "host": "i686-mingw32",
              "archiveFileName": "xtensa-esp32-elf-win32-1.22.0-80-g6c4433a-5.2.0.zip",
              "size": "125719261"
            },
            {
              "url": "https://dl.espressif.com/dl/xtensa-esp32-elf-osx-1.22.0-80-g6c4433a-5.2.0.tar.gz",
              "checksum": "SHA-256:a4307a97945d2f2f2745f415fbe80d727750e19f91f9a1e7e2f8a6065652f9da",
              "host": "x86_64-apple-darwin",
              "archiveFileName": "xtensa-esp32-elf-osx-1.22.0-80-g6c4433a-5.2.0.tar.gz",
              "size": "46517409"
            },
            {
              "url": "https://dl.espressif.com/dl/xtensa-esp32-elf-linux64-1.22.0-80-g6c4433a-5.2.0.tar.gz",
              "checksum": "SHA-256:3fe96c151d46c1d4e5edc6ed690851b8e53634041114bad04729bc16b0445156",
              "host": "x86_64-pc-linux-gnu",
              "archiveFileName": "xtensa-esp32-elf-linux64-1.22.0-80-g6c4433a-5.2.0.tar.gz",
              "size": "44219107"
            },
            {
              "url": "https://dl.espressif.com/dl/xtensa-esp32-elf-linux32-1.22.0-80-g6c4433a-5.2.0.tar.gz",
              "checksum": "SHA-256:b4055695ffc2dfc0bcb6dafdc2572a6e01151c4179ef5fa972b3fcb2183eb155",
              "host": "i686-pc-linux-gnu",
              "archiveFileName": "xtensa-esp32-elf-linux32-1.22.0-80-g6c4433a-5.2.0.tar.gz",
              "size": "45566336"
            },
            {
              "url": "https://dl.espressif.com/dl/xtensa-esp32-elf-linux-armel-1.22.0-87-gb57bad3-5.2.0.tar.gz",
              "checksum": "SHA-256:9c68c87bb23b1256dc0a1859b515946763e5292dcab4a4159a52fae5618ce861",
              "host": "arm-linux-gnueabihf",
              "archiveFileName": "xtensa-esp32-elf-linux-armel-1.22.0-87-gb57bad3-5.2.0.tar.gz",
              "size": "50655584"
            }
          ]
        },
        {
          "name": "esptool_py",
          "version": "3.0.0",
          "systems": [
            {
              "host": "i686-mingw32",
              "url": "https://github.com/espressif/arduino-esp32/releases/download/1.0.5-rc5/esptool-3.0.0.2-windows.zip",
              "archiveFileName": "esptool-3.0.0.2-windows.zip",
              "checksum": "SHA-256:b192bfc1545a3c92658ce586b4edcc2aca3f0ad4b3fa8417d658bc8a48f1387e",
              "size": "3434736"
            },
            {
              "host": "x86_64-apple-darwin",
              "url": "https://github.com/espressif/arduino-esp32/releases/download/1.0.5-rc5/esptool-3.0.0.2-macos.tar.gz",
              "archiveFileName": "esptool-3.0.0.2-macos.tar.gz",
              "checksum": "SHA-256:2cafab7f1ebce89475b84c115548eaace40b6366d7b3f9862cdb2fc64f806643",
              "size": "3859642"
            },
            {
              "host": "x86_64-pc-linux-gnu",
              "url": "https://github.com/espressif/arduino-esp32/releases/download/1.0.5-rc5/esptool-3.0.0.2-linux.tar.gz",
              "archiveFileName": "esptool-3.0.0.2-linux.tar.gz",
              "checksum": "SHA-256:d5cb51da1c74ff69f81b820470d2ecccb5c7c3a2dec7776483d4c89588b00020",
              "size": "57526"
            },
            {
              "host": "i686-pc-linux-gnu",
              "url": "https://github.com/espressif/arduino-esp32/releases/download/1.0.5-rc5/esptool-3.0.0.2-linux.tar.gz",
              "archiveFileName": "esptool-3.0.0.2-linux.tar.gz",
              "checksum": "SHA-256:d5cb51da1c74ff69f81b820470d2ecccb5c7c3a2dec7776483d4c89588b00020",
              "size": "57526"
            },
            {
              "host": "arm-linux-gnueabihf",
              "url": "https://github.com/espressif/arduino-esp32/releases/download/1.0.5-rc5/esptool-3.0.0.2-linux.tar.gz",
              "archiveFileName": "esptool-3.0.0.2-linux.tar.gz",
              "checksum": "SHA-256:d5cb51da1c74ff69f81b820470d2ecccb5c7c3a2dec7776483d4c89588b00020",
              "size": "57526"
            },
            {
              "host": "aarch64-linux-gnu",
              "url": "https://github.com/espressif/arduino-esp32/releases/download/1.0.5-rc5/esptool-3.0.0.2-linux.tar.gz",
              "archiveFileName": "esptool-3.0.0.2-linux.tar.gz",
              "checksum": "SHA-256:d5cb51da1c74ff69f81b820470d2ecccb5c7c3a2dec7776483d4c89588b00020",
              "size": "57526"
            }
          ]
        },
        {
          "version": "2.6.1",
          "name": "esptool_py",
          "systems": [
            {
              "url": "https://dl.espressif.com/dl/esptool-2.6.1-windows.zip",
              "checksum": "SHA-256:84cf0b369a7707fe566434faba148852fc464992111d5baa95b658b374802f96",
              "host": "i686-mingw32",
              "archiveFileName": "esptool-2.6.1-windows.zip",
              "size": "3422445"
            },
            {
              "url": "https://dl.espressif.com/dl/esptool-2.6.1-macos.tar.gz",
              "checksum": "SHA-256:f4eb758a301d6902cc9dfcd49d36345d2f075ad123da7cf8132d15cfb7533457",
              "host": "x86_64-apple-darwin",
              "archiveFileName": "esptool-2.6.1-macos.tar.gz",
              "size": "3837085"
            },
            {
              "url": "https://dl.espressif.com/dl/esptool-2.6.1-linux.tar.gz",
              "checksum": "SHA-256:eaf82ff4070d9792f6a42ae1e485375de5a87bec59ef01dfb95de901519ec7fb",
              "host": "x86_64-pc-linux-gnu",
              "archiveFileName": "esptool-2.6.1-linux.tar.gz",
              "size": "44762"
            },
            {
              "url": "https://dl.espressif.com/dl/esptool-2.6.1-linux.tar.gz",
              "checksum": "SHA-256:eaf82ff4070d9792f6a42ae1e485375de5a87bec59ef01dfb95de901519ec7fb",
              "host": "i686-pc-linux-gnu",
              "archiveFileName": "esptool-2.6.1-linux.tar.gz",
              "size": "44762"
            },
            {
              "url": "https://dl.espressif.com/dl/esptool-2.6.1-linux.tar.gz",
              "checksum": "SHA-256:eaf82ff4070d9792f6a42ae1e485375de5a87bec59ef01dfb95de901519ec7fb",
              "host": "arm-linux-gnueabihf",
              "archiveFileName": "esptool-2.6.1-linux.tar.gz",
              "size": "44762"
            }
          ]
        },
        {
          "version": "2.6.0",
          "name": "esptool_py",
          "systems": [
            {
              "url": "https://dl.espressif.com/dl/esptool-2.6.0-windows.zip",
              "checksum": "SHA-256:a73f4cf68db240d7f1d250c5c7f2dfcb53c17a37483729f1bf71f8f43d79a799",
              "host": "i686-mingw32",
              "archiveFileName": "esptool-2.6.0-windows.zip",
              "size": "3421208"
            },
            {
              "url": "https://dl.espressif.com/dl/esptool-2.6.0-macos.tar.gz",
              "checksum": "SHA-256:0a881b91547c840fab8c72ae3d031069384278b8c2e5241647e8c8292c5e4a4b",
              "host": "x86_64-apple-darwin",
              "archiveFileName": "esptool-2.6.0-macos.tar.gz",
              "size": "3835660"
            },
            {
              "url": "https://dl.espressif.com/dl/esptool-2.6.0-linux.tar.gz",
              "checksum": "SHA-256:6d162f70f395ca31f5008829dd7e833e729f044a9c7355d5be8ce333a054e110",
              "host": "x86_64-pc-linux-gnu",
              "archiveFileName": "esptool-2.6.0-linux.tar.gz",
              "size": "43535"
            },
            {
              "url": "https://dl.espressif.com/dl/esptool-2.6.0-linux.tar.gz",
              "checksum": "SHA-256:6d162f70f395ca31f5008829dd7e833e729f044a9c7355d5be8ce333a054e110",
              "host": "i686-pc-linux-gnu",
              "archiveFileName": "esptool-2.6.0-linux.tar.gz",
              "size": "43535"
            },
            {
              "url": "https://dl.espressif.com/dl/esptool-2.6.0-linux.tar.gz",
              "checksum": "SHA-256:6d162f70f395ca31f5008829dd7e833e729f044a9c7355d5be8ce333a054e110",
              "host": "arm-linux-gnueabihf",
              "archiveFileName": "esptool-2.6.0-linux.tar.gz",
              "size": "43535"
            }
          ]
        },
        {
          "name": "mkspiffs",
          "version": "0.2.3",
          "systems": [
            {
              "host": "i686-mingw32",
              "url": "https://github.com/igrr/mkspiffs/releases/download/0.2.3/mkspiffs-0.2.3-arduino-esp32-win32.zip",
              "archiveFileName": "mkspiffs-0.2.3-arduino-esp32-win32.zip",
              "checksum": "SHA-256:b647f2c2efe6949819c85ea9404271b55c7c9c25bcb98d3b98a1d0ba771adf56",
              "size": "249809"
            },
            {
              "host": "x86_64-apple-darwin",
              "url": "https://github.com/igrr/mkspiffs/releases/download/0.2.3/mkspiffs-0.2.3-arduino-esp32-osx.tar.gz",
              "archiveFileName": "mkspiffs-0.2.3-arduino-esp32-osx.tar.gz",
              "checksum": "SHA-256:9f43fc74a858cf564966b5035322c3e5e61c31a647c5a1d71b388ed6efc48423",
              "size": "130270"
            },
            {
              "host": "i386-apple-darwin",
              "url": "https://github.com/igrr/mkspiffs/releases/download/0.2.3/mkspiffs-0.2.3-arduino-esp32-osx.tar.gz",
              "archiveFileName": "mkspiffs-0.2.3-arduino-esp32-osx.tar.gz",
              "checksum": "SHA-256:9f43fc74a858cf564966b5035322c3e5e61c31a647c5a1d71b388ed6efc48423",
              "size": "130270"
            },
            {
              "host": "x86_64-pc-linux-gnu",
              "url": "https://github.com/igrr/mkspiffs/releases/download/0.2.3/mkspiffs-0.2.3-arduino-esp32-linux64.tar.gz",
              "archiveFileName": "mkspiffs-0.2.3-arduino-esp32-linux64.tar.gz",
              "checksum": "SHA-256:5e1a4ff41385e842f389f6b5254102a547e566a06b49babeffa93ef37115cb5d",
              "size": "50646"
            },
            {
              "host": "i686-pc-linux-gnu",
              "url": "https://github.com/igrr/mkspiffs/releases/download/0.2.3/mkspiffs-0.2.3-arduino-esp32-linux32.tar.gz",
              "archiveFileName": "mkspiffs-0.2.3-arduino-esp32-linux32.tar.gz",
              "checksum": "SHA-256:464463a93e8833209cdc29ba65e1a12fec31718dc10075c195a2445b2c3f6cb0",
              "size": "48751"
            },
            {
              "host": "arm-linux-gnueabihf",
              "url": "https://github.com/igrr/mkspiffs/releases/download/0.2.3/mkspiffs-0.2.3-arduino-esp32-linux-armhf.tar.gz",
              "archiveFileName": "mkspiffs-0.2.3-arduino-esp32-linux-armhf.tar.gz",
              "checksum": "SHA-256:ade3dc00117912ac08a1bdbfbfe76b12d21a34bc5fa1de0cfc45fe7a8d0a0185",
              "size": "40665"
            },
            {
              "host": "aarch64-linux-gnu",
              "url": "https://github.com/igrr/mkspiffs/releases/download/0.2.3/mkspiffs-0.2.3-arduino-esp32-linux-armhf.tar.gz",
              "archiveFileName": "mkspiffs-0.2.3-arduino-esp32-linux-armhf.tar.gz",
              "checksum": "SHA-256:ade3dc00117912ac08a1bdbfbfe76b12d21a34bc5fa1de0cfc45fe7a8d0a0185",
              "size": "40665"
            }
          ]
        },
        {
          "version": "2.3.1",
          "name": "esptool",
          "systems": [
            {
              "url": "https://dl.espressif.com/dl/esptool-2.3.1-windows.zip",
              "checksum": "SHA-256:c187763d0faac7da7c30a292a23c759bbc256fcd084dc8846ed284000cb0fe29",
              "host": "i686-mingw32",
              "archiveFileName": "esptool-2.3.1-windows.zip",
              "size": "3396085"
            },
            {
              "url": "https://dl.espressif.com/dl/esptool-2.3.1-macos.tar.gz",
              "checksum": "SHA-256:cd922418f02e0ca11dc066b36a22646a1b441da00d762b4464ca598c902c5ecb",
              "host": "x86_64-apple-darwin",
              "archiveFileName": "esptool-2.3.1-macos.tar.gz",
              "size": "3810932"
            },
            {
              "url": "https://dl.espressif.com/dl/esptool-2.3.1-linux.tar.gz",
              "checksum": "SHA-256:cff30841dad80ed5d7d2d58a31843b63afa57528979a9c839806568167691d8e",
              "host": "x86_64-pc-linux-gnu",
              "archiveFileName": "esptool-2.3.1-linux.tar.gz",
              "size": "39563"
            },
            {
              "url": "https://dl.espressif.com/dl/esptool-2.3.1-linux.tar.gz",
              "checksum": "SHA-256:cff30841dad80ed5d7d2d58a31843b63afa57528979a9c839806568167691d8e",
              "host": "i686-pc-linux-gnu",
              "archiveFileName": "esptool-2.3.1-linux.tar.gz",
              "size": "39563"
            },
            {
              "url": "https://dl.espressif.com/dl/esptool-2.3.1-linux.tar.gz",
              "checksum": "SHA-256:cff30841dad80ed5d7d2d58a31843b63afa57528979a9c839806568167691d8e",
              "host": "arm-linux-gnueabihf",
              "archiveFileName": "esptool-2.3.1-linux.tar.gz",
              "size": "39563"
            }
          ]
        }
      ]
    }
  ]
}